ticker,date,market_clean_price,market_dirty_price,clean_floor,dirty_floor,accrued_interest,n_cashflows,effective_discount_rate,premium_to_floor
EEFT,2025-08-14,100.225,100.225,82.298792,82.298792,0.0,11,4.5186,17.9262
EEFT,2025-08-15,100.776,100.781,82.25869,82.25869,0.0,11,4.5264,18.5173
EEFT,2025-08-18,100.372,100.379,82.236643,82.236643,0.0,11,4.5379,18.1354
EEFT,2025-08-19,99.994,100.002,82.254668,82.254668,0.0,11,4.5383,17.7393
EEFT,2025-08-20,99.994,100.004,82.308039,82.308039,0.0,11,4.532,17.686
EEFT,2025-08-21,99.074,99.086,82.163588,82.163588,0.0,11,4.5723,16.9104
EEFT,2025-08-22,101.765,101.782,82.481737,82.481737,0.0,11,4.4928,19.2833
EEFT,2025-08-25,100.439,100.458,82.472099,82.472099,0.0,11,4.5034,17.9669
EEFT,2025-08-26,99.729,99.75,82.564096,82.564096,0.0,11,4.4822,17.1649
EEFT,2025-08-27,99.363,99.386,82.63196,82.63196,0.0,11,4.4687,16.731
EEFT,2025-08-28,99.243,99.267,82.69839,82.69839,0.0,11,4.4631,16.5446
EEFT,2025-08-29,98.996,99.026,82.658273,82.658273,0.0,11,4.4719,16.3377
EEFT,2025-09-02,97.796,97.827,82.499612,82.499612,0.0,11,4.5037,15.2964
EEFT,2025-09-03,97.695,97.728,82.690357,82.690357,0.0,11,4.4566,15.0046
EEFT,2025-09-04,97.858,97.893,82.945099,82.945099,0.0,11,4.4042,14.9129
EEFT,2025-09-05,97.917,97.957,83.233346,83.233346,0.0,11,4.3278,14.6837
EEFT,2025-09-08,97.71,97.751,83.350648,83.350648,0.0,11,4.31,14.3594
EEFT,2025-09-09,98.12,98.163,83.286698,83.286698,0.0,11,4.3365,14.8333
EEFT,2025-09-10,97.666,97.711,83.379656,83.379656,0.0,11,4.3178,14.2863
EEFT,2025-09-11,97.84,97.887,83.526385,83.526385,0.0,11,4.2835,14.3136
EEFT,2025-09-12,97.934,97.986,83.443663,83.443663,0.0,11,4.3042,14.4903
EEFT,2025-09-15,96.944,96.998,83.553316,83.553316,0.0,11,4.2841,13.3907
EEFT,2025-09-16,96.932,96.987,83.576242,83.576242,0.0,11,4.2771,13.3558
EEFT,2025-09-17,97.543,97.6,83.508035,83.508035,0.0,11,4.2883,14.035
EEFT,2025-09-18,96.954,97.013,83.436491,83.436491,0.0,11,4.2974,13.5175
EEFT,2025-09-19,96.746,96.81,83.353979,83.353979,0.0,11,4.309,13.392
EEFT,2025-09-22,96.741,96.807,83.315312,83.315312,0.0,11,4.3247,13.4257
EEFT,2025-09-23,97.25,97.318,83.342761,83.342761,0.0,11,4.3269,13.9072
EEFT,2025-09-24,95.954,96.024,83.221548,83.221548,0.0,11,4.3563,12.7325
EEFT,2025-09-25,95.58,95.651,83.026656,83.026656,0.0,11,4.4127,12.5533
EEFT,2025-09-26,96.04,96.116,83.01769,83.01769,0.0,11,4.4101,13.0223
EEFT,2025-09-29,96.409,96.487,83.176417,83.176417,0.0,11,4.3809,13.2326
EEFT,2025-09-30,95.717,95.797,83.182159,83.182159,0.0,11,4.3784,12.5348
EEFT,2025-10-01,95.43,95.512,83.359098,83.359098,0.0,11,4.3439,12.0709
EEFT,2025-10-02,95.604,95.687,83.480836,83.480836,0.0,11,4.321,12.1232
EEFT,2025-10-03,95.878,95.966,83.393017,83.393017,0.0,11,4.3433,12.485
EEFT,2025-10-07,94.904,94.996,83.390389,83.390389,0.0,11,4.3505,11.5136
EEFT,2025-10-08,94.706,94.8,83.382627,83.382627,0.0,11,4.3564,11.3234
EEFT,2025-10-09,94.461,94.556,83.280019,83.280019,0.0,11,4.3839,11.181
EEFT,2025-10-10,93.417,93.52,83.405923,83.405923,0.0,11,4.3587,10.0111
EEFT,2025-10-13,93.049,93.151,83.438064,83.438064,0.0,11,4.3586,9.6109
EEFT,2025-10-14,95.32,95.424,83.674328,83.674328,0.0,11,4.3133,11.6457
EEFT,2025-10-15,95.037,95.143,83.684131,83.684131,0.0,11,4.3164,11.3529
EEFT,2025-10-16,94.795,94.903,83.859188,83.859188,0.0,11,4.2747,10.9358
EEFT,2025-10-17,95.14,95.252,83.839201,83.839201,0.0,11,4.2794,11.3008
EEFT,2025-10-20,95.429,95.543,83.927633,83.927633,0.0,11,4.2653,11.5014
EEFT,2025-10-21,96.204,96.32,83.96137,83.96137,0.0,11,4.2668,12.2426
EEFT,2025-10-22,96.263,96.381,83.965175,83.965175,0.0,11,4.2694,12.2978
EEFT,2025-10-23,93.978,94.097,83.907399,83.907399,0.0,11,4.2845,10.0706
EEFT,2025-10-24,93.835,93.96,83.962848,83.962848,0.0,11,4.2696,9.8722
EEFT,2025-10-27,93.382,93.509,84.001265,84.001265,0.0,11,4.2661,9.3807
EEFT,2025-10-28,92.327,92.455,83.988778,83.988778,0.0,11,4.2776,8.3382
EEFT,2025-10-29,92.089,92.219,83.725102,83.725102,0.0,11,4.3504,8.3639
EEFT,2025-10-30,91.087,91.219,83.525497,83.525497,0.0,11,4.3977,7.5615
EEFT,2025-10-31,90.767,90.902,83.436799,83.436799,0.0,11,4.4179,7.3302
EEFT,2025-11-03,89.96,90.097,83.284926,83.284926,0.0,11,4.4661,6.6751
EEFT,2025-11-04,89.95,90.089,83.416421,83.416421,0.0,11,4.4341,6.5336
EEFT,2025-11-05,89.257,89.398,83.278635,83.278635,0.0,11,4.4667,5.9784
EEFT,2025-11-06,89.43,89.572,83.432423,83.432423,0.0,11,4.4263,5.9976
EEFT,2025-11-07,88.788,88.936,83.461761,83.461761,0.0,11,4.4203,5.3262
EEFT,2025-11-10,88.793,88.944,83.452408,83.452408,0.0,11,4.4349,5.3406
EEFT,2025-11-11,88.897,89.048,83.463235,83.463235,0.0,11,4.4348,5.4338
EEFT,2025-11-12,88.343,88.496,83.53784,83.53784,0.0,11,4.4245,4.8052
EEFT,2025-11-13,87.399,87.553,83.424725,83.424725,0.0,11,4.4592,3.9743
EEFT,2025-11-14,87.742,87.902,83.365858,83.365858,0.0,11,4.4707,4.3761
EEFT,2025-11-17,87.903,88.065,83.379282,83.379282,0.0,11,4.4776,4.5237
EEFT,2025-11-18,87.947,88.11,83.428048,83.428048,0.0,11,4.4623,4.519
EEFT,2025-11-19,87.648,87.813,83.477587,83.477587,0.0,11,4.4534,4.1704
EEFT,2025-11-20,88.105,88.272,83.52581,83.52581,0.0,11,4.445,4.5792
EEFT,2025-11-21,89.233,89.405,83.666527,83.666527,0.0,11,4.4146,5.5665
EEFT,2025-11-25,89.204,89.379,84.016826,84.016826,0.0,11,4.3467,5.1872
EEFT,2025-11-26,89.67,89.849,84.077488,84.077488,0.0,11,4.3332,5.5925
EEFT,2025-11-28,90.4,90.584,84.065764,84.065764,0.0,11,4.3367,6.3342
EEFT,2025-12-02,89.877,90.064,83.938988,83.938988,0.0,11,4.3541,5.938
EEFT,2025-12-03,90.423,90.612,84.038989,84.038989,0.0,11,4.331,6.384
EEFT,2025-12-05,90.522,90.718,83.863502,83.863502,0.0,11,4.3671,6.6585
EEFT,2025-12-09,90.192,90.391,83.687908,83.687908,0.0,11,4.4162,6.5041
EEFT,2025-12-10,91.251,91.452,83.847374,83.847374,0.0,11,4.3646,7.4036
EEFT,2025-12-11,91.82,92.023,83.890526,83.890526,0.0,11,4.3589,7.9295
EEFT,2025-12-12,91.912,92.12,83.774289,83.774289,0.0,11,4.3707,8.1377
EEFT,2025-12-15,91.139,91.349,83.798318,83.798318,0.0,11,4.3702,7.3407
EEFT,2025-12-16,91.06,91.272,83.92062,83.92062,0.0,11,4.3476,7.1394
EEFT,2025-12-18,91.729,91.944,84.046683,84.046683,0.0,11,4.3197,7.6823
EEFT,2025-12-19,91.563,91.783,83.990215,83.990215,0.0,11,4.3379,7.5728
EEFT,2025-12-22,92.17,92.392,83.996866,83.996866,0.0,11,4.3437,8.1731
EEFT,2025-12-23,92.118,92.341,83.945727,83.945727,0.0,11,4.3576,8.1723
EEFT,2025-12-29,91.361,91.595,84.235703,84.235703,0.0,11,4.3021,7.1253
EEFT,2026-01-02,90.643,90.886,84.059824,84.059824,0.0,11,4.3343,6.5832
EEFT,2026-01-05,91.157,91.402,84.161551,84.161551,0.0,11,4.3183,6.9954
EEFT,2026-01-08,90.625,90.875,84.134506,84.134506,0.0,11,4.3334,6.4905
EEFT,2026-01-12,90.524,90.781,84.103374,84.103374,0.0,11,4.3581,6.4206
EEFT,2026-01-13,89.635,89.894,84.18664,84.18664,0.0,11,4.3397,5.4484
EEFT,2026-01-14,90.806,91.066,84.283888,84.283888,0.0,11,4.3255,6.5221
EEFT,2026-01-15,90.814,91.076,84.22398,84.22398,0.0,11,4.3463,6.59
EEFT,2026-01-16,91.008,91.277,84.097677,84.097677,0.0,11,4.3693,6.9103
EEFT,2026-01-20,89.754,90.024,83.989238,83.989238,0.0,11,4.3891,5.7648
EEFT,2026-01-22,90.509,90.783,84.147188,84.147188,0.0,11,4.3539,6.3618
EEFT,2026-01-23,90.494,90.773,84.150732,84.150732,0.0,11,4.3558,6.3433
EEFT,2026-01-26,90.256,90.537,84.199925,84.199925,0.0,11,4.3574,6.0561
EEFT,2026-01-28,90.115,90.4,84.240829,84.240829,0.0,11,4.3407,5.8742
EEFT,2026-01-29,90.167,90.453,84.26382,84.26382,0.0,11,4.342,5.9032
EEFT,2026-02-02,89.841,90.132,84.283795,84.283795,0.0,11,4.3366,5.5572
EEFT,2026-02-03,87.895,88.188,84.24495,84.24495,0.0,11,4.3451,3.65
EEFT,2026-02-04,89.215,89.51,84.238064,84.238064,0.0,11,4.3465,4.9769
EEFT,2026-02-05,89.756,90.053,84.446969,84.446969,0.0,11,4.2943,5.309
EEFT,2026-02-06,90.093,90.395,84.472249,84.472249,0.0,11,4.2992,5.6208
EEFT,2026-02-09,89.46,89.764,84.53884,84.53884,0.0,11,4.2891,4.9212
EEFT,2026-02-10,90.438,90.744,84.624314,84.624314,0.0,11,4.2744,5.8137
EEFT,2026-02-11,89.165,89.472,84.602846,84.602846,0.0,11,4.2933,4.5622
EEFT,2026-02-12,88.057,88.366,84.725119,84.725119,0.0,11,4.2786,3.3319
EEFT,2026-02-13,88.231,88.547,84.875532,84.875532,0.0,11,4.2565,3.3555
EEFT,2026-02-17,89.176,89.494,84.912207,84.912207,0.0,11,4.2731,4.2638
EEFT,2026-02-18,89.528,89.847,84.923681,84.923681,0.0,11,4.2707,4.6043
EEFT,2026-02-20,89.805,90.132,84.907722,84.907722,0.0,11,4.288,4.8973
EEFT,2026-02-23,89.292,89.62,85.014178,85.014178,0.0,11,4.2806,4.2778
EEFT,2026-02-24,88.855,89.185,84.973765,84.973765,0.0,11,4.2987,3.8812
